{
  "series": 0.052122385730630674,
  "parted ways": 0.15131274767324293,
  "thursday": 0.07651445872533826,
  "james gunn": 0.15131274767324293,
  "comments": 0.2713074070766576,
  "anger": 0.11937160158248113,
  "disney": 0.5155904612585969,
  "social media": 0.26396367521367525,
  "humor": 0.07651445872533826,
  "jokes": 0.07651445872533826,
  "offensive": 0.17745736237872656,
  "provocateur": 0.11192861205553717,
  "attitudes": 0.11159240932145242,
  "chairman": 0.10984779205867161,
  "statement": 0.09862901090031959,
  "walt disney": 0.10333163834524037,
  "tweets": 0.46731459918963153,
  "indefensible": 0.5290127123971786,
  "business": 0.060868993899003465,
  "pedophilia": 0.11192861205553717,
  "james": 0.39412350726230494,
  "resurfaced": 0.1706716757139603,
  "director": 0.18024640015535145,
  "different than": 0.05017302625149976,
  "studio": 0.5429191835643448,
  "cnn": 0.6418080724532337,
  "taboo": 0.11192861205553717,
  "trying": 0.12900116044554907,
  "walt": 0.16192861205553716,
  "molestation": 0.11192861205553717,
  "reaction": 0.09202775311574278,
  "twitter": 0.10409209587625605,
  "making movies": 0.10333163834524037,
  "days": 0.23128470956538044,
  "horn": 0.12651445872533826,
  "outrageous": 0.11192861205553717,
  "movies": 0.04355716488044867,
  "shocking": 0.07651445872533826,
  "wrote": 0.29090421184988136
}