{
  "pr": 0.0,
  "aftermath": 0.0344776565,
  "aid": 0.1700355171,
  "american": 0.2189245032,
  "americans": 0.0236757619,
  "atlantic storm": 0.0103909355,
  "biggest problem": 0.0218998452,
  "caribbean": 0.0,
  "changed forever": 0.0400898347,
  "charity": 0.0241884644,
  "chuck schumer": 0.0352357013,
  "climate": 0.0234338503,
  "climate impact": 0.0704714026,
  "cnn": 0.054554382900000004,
  "congress": 0.0327451938,
  "death": 0.0157806145,
  "debt": 0.0344776565,
  "democratic": 0.1394555318,
  "democracy": 0.0,
  "desperate": 0.0234338503,
  "destruction": 0.16469183310000002,
  "devastation": 0.22979271610000002,
  "direct hit": 0.00769183,
  "disaster": 0.1710408193,
  "electrical grid": 0.1721305063,
  "electricity": 0.2293591781,
  "emergency": 0.31292931160000004,
  "entire towns": 0.0218998452,
  "family": 0.1348188368,
  "federal emergency management agency": 0.0322618513,
  "federal government": 0.23723385400000002,
  "federal response": 0.0076467109,
  "fema": 0.40139113860000003,
  "government": 0.4859769815,
  "harvey": 0.1120092537,
  "health": 0.020140789200000002,
  "help": 0.0658653464,
  "house of representatives": 0.022333515800000002,
  "hurricane": 0.0241792329,
  "hurricane harvey": 0.0,
  "hurricane irma": 0.0,
  "infrastructure": 0.0574548467,
  "irma": 0.0189547874,
  "island": 0.47979310070000003,
  "living": 0.0332258998,
  "local governments": 0.066107862,
  "major disaster": 0.0996309355,
  "maria": 0.1911665589,
  "mayor carmen yulin": 0.0,
  "mental health": 0.1225965635,
  "natural disaster": 0.15842786790000002,
  "new york times": 0.1907723692,
  "no water": 0.0226278135,
  "pleading": 0.054554382900000004,
  "political": 0.048045983,
  "president": 0.2081173912,
  "puerto ricans": 0.128140519,
  "puerto rico": 0.6334397741000001,
  "quebradillas": 0.06289882990000001,
  "rebuild": 0.2237886533,
  "reconstruction": 0.1990703121,
  "recovery": 0.1679428611,
  "relief": 0.0241884644,
  "relief efforts": 0.0388826208,
  "repair": 0.18341167290000002,
  "san isidro": 0.1589307287,
  "san juan": 0.15842786790000002,
  "senator elizabeth warren": 0.0140462486,
  "storm": 0.07592090230000001,
  "suffering people": 0.0658653464,
  "territory": 0.23442720990000002,
  "trump": 0.5191881515,
  "u.s": 0.1288850853,
  "uncertain future": 0.024879172,
  "united states": 0.1374390359,
  "utility crews": 0.1079642688,
  "victims": 0.0901161986,
  "virgin islands": 0.1526500168,
  "vox": 0.0932564367,
  "white house": 0.0421465563
}