{"Emergency Management": 0.0452928713, "senators": 0.2373233136, "disaster": 0.1710408193, "repair": 0.18341167290000002, "Hurricane": 0.1999900883, "Federal Emergency Management": 0.0322618513, "Rico": 0.3013911386, "Puerto Ricans": 0.128140519, "Federal Emergency Management Agency": 0.0322618513, "FEMA administrator": 0.0352357013, "Puerto": 0.3013911386, "FEMA": 0.40139113860000003, "Texas": 0.11112689, "help": 0.0658653464, "US Virgin Islands": 0.18338804320000002, "funding": 0.117587194, "emergency": 0.31292931160000004, "federal": 0.321483697, "rebuild": 0.2237886533, "agency": 0.25177049830000003, "damage": 0.2094998106, "federal government": 0.23723385400000002, "Virgin Islands": 0.1526500168, "Kirsten Gillibrand": 0.0352357013, "authorized": 0.07952382620000001, "reconstruction": 0.1990703121, "Puerto Rico": 0.6334397741000001, "utility crews": 0.1079642688, "weeks": 0.0757157816, "Federal law": 0.128140519, "electrical grid": 0.1721305063, "Maria": 0.1911665589, "natural disaster": 0.15842786790000002, "infrastructure": 0.0574548467, "electric": 0.27327625180000004, "cellphone towers": 0.058795350700000006, "government": 0.4859769815, "major disaster": 0.0996309355, "two weeks": 0.2718855341, "president": 0.2034213627, "Democratic": 0.1394555318, "approved": 0.1712723535, "Trump": 0.5191881515, "Virgin": 0.1265699135, "local governments": 0.066107862, "island": 0.47979310070000003, "Emergency Management Agency": 0.0322618513, "Chuck Schumer": 0.0352357013, "aid": 0.1700355171, "Vox": 0.0932564367, "assistance": 0.07819431980000001}