{"San Juan": 0.33279974430000003, "White House": 0.0421465563, "says": 0.0537025541, "disaster": 0.1336507797, "Morovis": 0.0241884644, "Kudacki": 0.3387910901, "landfall": 0.16814296780000001, "Harvey": 0.1120092537, "Juan": 0.2580729291, "Isidro": 0.1436205416, "Rossell\u00f3": 0.0241884644, "Rico": 0.4238279408, "Puerto Ricans": 0.1406945503, "home": 0.034759946800000004, "Puerto": 0.4230401743, "Oct": 0.1601038316, "damaged": 0.1062584454, "U.S": 0.1288850853, "opened": 0.0210840812, "Congress": 0.0327451938, "Irma": 0.0389104169, "Andres": 0.2665019334, "political": 0.048045983, "FEMA": 0.0241884644, "victims": 0.0901161986, "Andres Kudacki": 0.6051485098, "storm": 0.2363732365, "Puerto Rico": 0.5994612795, "President": 0.034407024200000004, "San Isidro": 0.1589307287, "territory": 0.23442720990000002, "household": 0.0547605685, "Maria": 0.1921494685, "Condado lagoon": 0.0103909355, "Climate": 0.0234338503, "hit": 0.0240129591, "desperate": 0.0234338503, "hurricane": 0.0241792329, "Ricans": 0.080394083, "Senator Elizabeth Warren": 0.0140462486, "landed": 0.034759946800000004, "laid bare": 0.0103909355, "baseball": 0.1121407704, "Elizabeth Warren": 0.0155168496, "Atlantic storm": 0.0103909355, "CNN": 0.054554382900000004, "aftermath": 0.0344776565, "Sept": 0.17044977590000002, "day": 0.041207977800000004, "Karl VicK": 0.0103909355, "Trump": 0.4683273891, "Climate Impact": 0.0704714026, "mainland": 0.13589378870000002, "San": 0.2435232296, "Yul\u00edn": 0.12169440720000001, "island": 0.2539565346, "days": 0.0268421815, "Americans": 0.0236757619, "House": 0.035539991800000004, "aid": 0.0209178884, "Mayor": 0.10770753940000001, "Ten days": 0.0103909355, "Warren": 0.054554382900000004}